Japanese,Romaji,Meaning,Sentence,S Meaning,Review
(あ)す,asu*,to make something else be that verb,,,8
吹く,fuku,(the wind) blows,,,1
少ない,sukunai,"a little, insufficient",,,1
(あ)せる,aseru*,to make someone do something,,,8
(え)る vs (あ)る,eru vs aru*,"eru: {giver}が{receiver}に{deposit}を(え)る
aru: {receiver}が{giver}に{deposit}を(あ)る",,,8
能力,nouryoku,ability,,,1
お互い,otagai,mutual,,,3
お喋り,oshaberi,"chattering, talk",,,8
お土産,omiyage,"present, souvenir",,,2
お祝い,oiwai,congratulations,,,7
吸収,kyuushuu,absorption,,,1
お辞儀,ojigi,"bow, bowing",,,8
がっかり,gakkari,feel disappointed,,,7
正確,seikaku,"accurate, punctual",,,1
がる,garu*,change i-adjectives to garu (to become adjective),,,7
きちんと,kichinto,"precisely, accurately",,,8
きつい,kutsui,"intense, severe, hard",,,3
ご主人,goshujin,husband,,,5
ざっと,zatto,"roughly, in rough number",,,8
すっかり,sukkari,"all, completely",,,5
そっくり,sokkuri,"all, together, just like",,,5
そろそろ,sorosoro,"soon, monentarily",,,7
のんびり,nonbiri,"carefree, at leisure",,,5
広告,koukoku,advertisement,,,1
はっきり,hakkiri,"shape, form, figure",,,8
ぴったり,pittari,"exactly, tightly",,,7
農業,nougyou,agriculture,,,1
ほとんど,hotondo,"mostly, nearly",,,8
もし,moshi,if,,,5
やっと,yatto,at last,,,7
空気,kuuki,"air, atmosphere",,,1
ゆっくり,yukkuri,slowly,もっとゆっくり歩いてくれませんか,Can you walk slower,7
一層,issou,"much more, still more",,,7
一種,isshu,"species, kind",,,5
一言,hitokoto,"single word, a few words",,,5
丁度,choudo,正好,,,5
上,kami,"person of high rank, government",,,3
上京,joukyou,proceeding to the capital,,,8
上達,joutatsu,"improvement, advance",,,8
下がる,sagaru,"to come down, to get lower",,,2
下す,orosu,"to lower, to drop",,,2
大使,taishi,ambassador,,,1
下宿,geshuku,"boarding, lodging",,,3
下着,shitagi,underwear,,,7
不可,fuka,"wrong, bad, improper",,,5
分析,bunseki,analysis,,,1
不幸,fukou,"unhappiness, sorrow",,,7
与える,ataeru,"to give, to bestow",,,7
世間,seken,"world, society",,,7
兎に角,tonikaku,"anyhow, at any rate",,,1
申し訳,moushiwake,"apology, excuse",,,1
丘,oka,"hill, height",,,3
両替,ryougae,"change, money exchange",,,5
中古,chuuko,"used, second-hand",,,5
中央,chuuou,"centre, middle",,,5
丸,maru,circle,,,5
丸い,marui,"round, circular",,,5
主に,omoni,"mainly, primarily",,,7
約,yaku,"approximately, about",,,1
辺,hen,"area, general location",,,1
地域,chiiki,"area, region",,,1
議論,giron,"argument, discussion",,,1
腕,ude,arm,,,1
乗せる,noseru,to place on,,,6
乗客,joukyaku,passenger,,,7
乾く,kawaku,to get dry,,,3
予報,yohou,forecast,,,5
実は,jitsuwa,as a matter of fact,,,1
予測,yosoku,"prediction, estimation",,,6
矢張り,yahari,as expected,,,1
一生懸命,isshoukenmei,as well as one can,,,1
互い,tagai,"mutual, reciprocal",,,2
交換,koukan,"exchange, interchange",,,5
交際,kousai,"association, friendship",,,5
人種,jinshu,race,,,5
人込み,hitogomi,crowd of people,,,5
仕舞う,shimau,"to finish, to stop",,,7
付合い,tsukiai,"association, socializing",,,5
以降,ikou,"hereafter, since",,,3
仮定,katei,"assumption, hypothesis",,,6
仰る,ossharu,"to say, to speak",,,2
当時,touji,"at that time, in those days",,,1
仲,naka,"relation, relationship",,,5
仲直り,nakanaori,"reconciliation, make peace with",,,6
仲間,nakama,"fellow, companion",,,5
任せる,makaseru,"to entrust, to leave to",,,2
企業,kigyou,"enterprise, undertaking",,,5
休憩,kyuukei,"rest, break, recess",,,7
休暇,kyuuka,"holiday, day off",,,6
会話,kaiwa,conversation,,,5
赤ん坊,akanbou,"baby, infant",,,1
残念,zannen,bad luck,,,1
伝わる,tsutawaru,to be transmitted,,,2
伝統,dentou,"tradition, convention",,,7
伝言,dengon,verbal message,,,2
伸ばす,nobasu,to grow long,,,7
伸びる,nobiru,"to stretch, to extend",,,7
伺う,ukagau,"to ask, to inquire",,,2
似る,niru,"to resemble, to look like",,,5
豆,mame,beans,,,1
髭,hige,"beard, moustache",,,1
久しぶり,hisashiburi,been a while,,,1
いつの間にか,itsunomanika,before one knows,,,1
後方,kouhou,"behind, in the rear",,,1
位,kurai,"rank, class, grade",,,4
体操,taisou,"gymnastics, physical exercises",,,5
生まれ,umare,"birth, birthplace",,,1
余る,amaru,"to remain, to be left over",,,6
黒板,kokuban,blackboard,,,1
余分,yobun,"extra, excess",,,5
毛布,moufu,blanket,,,1
余裕,yoyuu,"surplus, margin",,,5
作曲,sakkyoku,composition,,,5
例,rei,"example, case",,,5
供給,kyoukyuu,"supply, provision",,,6
価格,kakaku,"price, value, cost",,,5
体温,taion,body temperature,,,1
身,mi,"body, oneself",,,1
沸騰,futtou,"boiling, becoming heated",,,1
骨,hone,bone,,,1
便り,tayori,"news, tidings",,,3
保証,hoshou,"guarantee, security",,,5
瓶,bin,"bottle, jar",,,1
信仰,shinkou,"faith, belief",,,7
行き,yuki,"bound for, going to",,,1
修正,shuusei,"amendment, correction",,,7
俳優,haiyuu,"actor, actress",,,7
候補,kouho,candidate,,,3
息,iki,breath,,,1
借金,shakkin,"debt, loan, liabilities",,,7
値,atai,"price, cost",,,4
偉大,idai,greatness,,,6
偖,sate,"well, now, then",,,5
停留所,teiryuujou,"bus stop, tram stop",,,6
偶々,tamatama,"casually, unqepectedly",,,2
偶然,guuzen,"by chance, unexpectedly",,,5
営業,eigyou,"business, trade",,,1
備える,sonaeru,"to furnish, to provide for",,,3
傷,kizu,"wound, injury, cut",,,3
傾向,keikou,"tendency, trend",,,2
僅か,wazuka,"only, merely",,,3
万一,manichi,by some chance,,,1
億,oku,hundred million,,,5
優れる,sugureru,"to surpass, to excel",,,8
優勝,yuushou,"championship, overall victory",,,8
優秀,yuushuu,"superiority, excellence",,,5
元,moto,"origin, source, base",,,8
克服,kokufuku,"conquest, overcoming",,,7
免許,menkyo,"license, permit",,,5
用心,youjin,"care, precaution",,,1
免許証,menkyoshou,"license, permit",,,5
兎,usagi,"rabbit, hare",,,3
持ち運び,mochihakobi,carrying,,,1
党,tou,party,,,5
共通,kyoutsuu,community,,,5
分類,bunrui,"categorization, sorting",,,1
牛,ushi,"cattle, cow",,,1
典型,tenkei,"pattern, model",,,5
冒険,bouken,"adventure, risk",,,5
世紀,seiki,"century, era",,,1
是非,zehi,"certainly, without fail",,,1
確実,kakujitsu,"certainty, reliability",,,1
冗談,joudan,"jest, joke",,,7
椅子,isu,chair,,,1
議長,gichou,chairman,,,1
冷える,hieru,"to grow cold, to get chilly",,,2
冷静,reisei,"calm, composure",,,5
凍る,kooru,to freeze,,,6
凡そ,oyoso,"about, roughly",,,4
出発,shuppatsu,departure,,,5
出身,shusshin,person’s origin,,,6
分野,bunya,"field, sphere",,,5
魅力,miryoku,"charm, fascination",,,1
刈る,karu,to cut,,,3
刑事,keji,"police detective, criminal matter",,,8
化学,kagaku,chemistry,,,1
桜,sakura,cherry blossom,,,1
胸,mune,"chest, breast",,,1
主要,shuyou,"chief, main, principle",,,1
列,retsu,"queue, line",,,4
事情,jijou,circumstances,,,1
利口,rikou,"clever, intelligent",,,5
住民,juumin,"citizens, inhabitants",,,1
都会,tokai,city,,,1
文明,bunmei,civilization,,,1
利益,rieki,"profit, gains",,,2
主張,shuchou,"claim, insistence",,,1
級,kyuu,class,,,1
同級生,doukyuusei,classmate,,,1
到着,touchaku,arrival,,,2
券,ken,"ticket, coupon",,,3
明確,meikaku,clear; precise; definite; distinct,,,1
刺激,shigeki,"stimulus, impetus",,,6
気候,kikou,climate,,,1
親友,shinyuu,close friend,,,1
剥く,muku,"to peel, to skin",,,3
割引,waribiki,"discount, reduction",,,7
衣類,irui,"clothes, garments",,,1
雲,kumo,cloud,,,1
劇場,gekijou,theater,,,7
加える,kuwaeru,"to add, to sum up",,,6
上着,uwagi,coat,,,1
加わる,kuwawaru,to be added to,,,6
加減,kagen,"adjustment, degree, extent",,,5
劣る,otoru,to be inferior to,,,3
努力,doryoku,"great effort, exertion",,,5
労働,roudou,"manual labor, work",,,5
効果,kouka,"effect, effectiveness",,,5
動,katsudou,"action, activity",,,7
動詞,doushi,verb,,,2
勘定,kanjou,"calculation, counting",,,2
勤め,tsutome,"service, duty, business",,,3
勤める,tsutomeru,to work for someone,ここは私がつとめる会社です,This is the company that I work in,2
相手,aite,"companion, partner",,,1
匂い,nioi,"scent, smell",,,6
化粧,keshou,"make-up, cosmetics",,,2
不平,fuhei,"complaint, dissatisfaction",,,1
文句,monku,"complaint, grumbling",,,1
半ば,nakaba,"middle, half",,,2
卒業,sotsugyou,graduation,,,6
集中,shuuchuu,concentration,,,1
関心,kanshin,"concern, interest",,,1
協力,kyouryoku,cooperation,,,5
具体,gutai,"concrete, tangible",,,1
単位,tani,"unit, denomination",,,5
具合,guai,"condition, state",,,1
単純,tanjun,"simplicity, simple",,,5
信用,shinyou,"confidence, credit",,,1
博士,hakase,doctorate,,,3
占める,shimeru,"to occupy, to hold",,,7
印,shirushi,"seal, stamp, mark",,,4
印刷,insatsu,printing,,,6
議会,gikai,"congress, parliament",,,1
印象,inshou,impression,,,5
厄介,yakkai,"trouble, nuisance",,,2
原,hara,"field, plain",,,6
厳しい,kibishii,"severe, strict",,,6
大した,taishita,"considerable, great",,,1
去る,saru,"to leave, to go away",,,2
参る,mairu,"to go, to come",,,3
及ぼす,oyobosu,"to exert, to cause",,,3
友好,yuukou,friendship,,,5
反抗,hankou,"opposition, resistance",,,5
収める,osameru,"to dedicate, to supply",,,2
収穫,shuukaku,"harvest, crop",,,2
取り替える,torikaeru,"to exchange, to replace",,,6
受験,juken,taking an examination,,,7
中身,nakami,"contents, interior",,,1
内容,naiyou,"contents, matter",,,1
叩く,tataku,"to strike, to beat",,,7
可也,kanari,"considerably, fairly",,,3
可哀そう,kawaisou,"poor, pitiable",,,2
寄付,kifu,"contribution, donation",,,1
論争,ronsou,"controversy, dispute",,,1
可愛らしい,kawairashii,"lovely, sweet",,,6
可笑しい,okashii,"funny, strange, odd",,,6
叱る,shikaru,to scold,,,3
各地,kakuchi,"every place, various places",,,6
合計,goukei,total amount,,,5
正しい,tadashii,correct,,,1
通信,tsuushin,"correspondence, communication",,,1
費,hi,"cost, expense",,,1
費用,hiyou,"cost, expense",,,1
綿,men,cotton,,,1
咳,seki,cough,,,1
同僚,douryou,"coworker, colleague",,,5
吐く,haku,"to vomit, to throw up",,,3
犯罪,hanzai,"crime, offense",,,1
吠える,hoeru,"to bark, to howl",,,3
否定,hitei,"negation, denial",,,5
批判,hihan,"criticism, judgment",,,1
含む,fukumu,"to contain, to comprise",,,6
周囲,shuui,"surroundings, environs",,,3
味方,mikata,"friend, ally",,,6
命,inochi,"life, life force",,,4
哀れ,aware,"pity, sorrow, grief",,,3
品,shina,"article, item, goods",,,6
品物,shinamono,goods,,,5
日夜,nichiya,"day and night, always, constantly",,,1
哲学,tetsugaku,philosophy,,,2
唯,tada,"ordinary, free of charge",,,3
唯一,yuiitsu,"only, sole, unique",,,3
唸る,unaru,"to groan, to moan",,,3
商品,shouhin,"commodity, goods",,,5
問い,toi,"question, query",,,3
減少,genshou,"decrease, reduction, decline",,,1
深い,fukai,deep,,,1
感激,kangeki,"deep emotion, impression",,,1
善,zen,"good, goodness, virtue",,,7
程度,teido,"degree, amount",,,1
微妙,bimyou,"delicate, subtle",,,1
旨い,umai,"delicious, appetising",,,1
配送,haisou,delivery,,,1
喉,nodo,throat,,,3
要求,youkyuu,"demand, firm request",,,1
需要,juyou,"demand, request",,,1
喋る,shaberu,"to talk, to chat",,,2
発車,hassha,departure of a vehicle,,,1
喧嘩,kenka,"quarrel, brawl, fight",,,3
噂,uwasa,rumor,,,7
噛む,kamu,"to bite, to chew",,,4
回収,kaishuu,"collection, retrieval",,,6
決心,kesshin,"determination, resolution",,,1
囲む,kakomu,"to surround, to encircle",,,2
発展,hatten,"development, growth",,,1
器用,kiyou,"dexterous, skillful",,,1
差,sa,"difference, variation",,,1
困難,konnan,"difficulty, distress",,,1
食卓,shokutaku,dining table,,,1
外交,gaikou,diplomacy,,,1
固まる,katamaru,"to harden, to solidify",,,2
方向,houkou,"direction, way",,,1
国境,kokkyou,national border,,,6
土,tsuchi,"earth, soil, dirt",,,6
汚い,kitanai,dirty,,,1
不利,furi,"disadvantage, handicap",,,1
失望,shitsubou,"disappointment, despair",,,1
土産,miyage,"present, souvenir",,,3
不自由,fujiyuu,"discomfort, inconvenience",,,1
坂,saka,"slope, hill",,,3
差別,sabetsu,discrimination,,,1
埃,hokori,dust,,,4
埋める,umeru,"to bury, to fill up",,,2
距離,kyori,"distance, range",,,1
区別,kubetsu,"distinction, differentiation",,,1
地区,chiku,"district, section, sector",,,1
不用品,fuyouhin,disused article,,,1
離婚,rikon,divorce,,,1
医師,ishi,"doctor, physician",,,1
城,shiro,castle,,,2
書類,shorui,"documents, official papers",,,1
共同,kyoudou,doing together (use before the verb),,,1
支配,shihai,"domination, rule",,,1
乾燥,kansou,drying,,,1
基礎,kiso,"foundation, basis",,,6
義務,gimu,"duty, obligation",,,1
塀,hei,"wall, fence",,,3
塔,tou,"tower, pagoda",,,3
塵,gomi,"rubbish, trash",,,6
墓,haka,"grave, tomb",,,3
増加,zouka,increase,,,6
壁,kabe,"wall, partition",,,3
売り切れる,urikireru,to be sold out,,,5
変化,henka,"change, alteration",,,5
変更,henkou,"change, modification",,,5
夕方,yuugata,"evening, dusk",,,5
上品,jouhin,"elegant, polished",,,1
要素,youso,"element, factor, component",,,1
外す,hazusu,"to undo, to remove",,,3
非常,hijou,"emergency, extraordinary",,,1
感情,kanjou,"emotion, feeling",,,1
外科,geka,"surgery, department of surgery",,,2
多数,tasuu,large number,,,5
夜明け,yoake,"dawn, daybreak",,,5
夢中,muchuu,"daze, ecstasy",,,7
大抵,taitei,"mostly, usually",,,2
大統領,daitouryou,"president, chief executive",,,2
婚約,konyaku,"engagement, betrothal",,,1
機関,kikan,"engine, agency, organization",,,1
技師,gishi,"engineer, technician",,,1
大陸,tairiku,continent,,,6
夫々,sorezore,"each, respectively",,,7
熱心,nesshin,enthusiastic,,,1
玄関,genkan,entrance,,,1
入場,nyuujou,"entrance, admission",,,1
記入,kinyuu,"entry, filling in forms",,,1
失う,ushinau,"to lose (loved one), to miss (opportunity)",,,2
失礼,shitsurei,impoliteness,,,5
奇妙,kimyou,"strange, queer",,,5
契約,keiyaku,"contract, agreement",,,2
奥,oku,inner part,,,3
奪う,ubau,to snatch away,,,3
女優,joyuu,actress,,,5
好み,konomi,"liking, taste",,,6
予算,yosan,estimate,,,1
永遠,eien,eternity,,,1
永久,eikyuu,eternity,,,1
如何,ikaga,how about,もう一ついかがですか？,How about having another one?,6
事件,jiken,"event, affair, accident",,,1
姉妹,shimai,sisters,,,3
全て,subete,"everything, all",,,1
委員,iin,committee member,,,5
姿,sugata,"figure, form, shape",,,3
試験,shiken,exam,,,1
嫁,yome,"wife, bride",,,3
孫,mago,grandchild,,,3
宇宙,uchuu,"universe, cosmos",,,2
完了,kanryou,"completion, conclusion",,,5
宗教,shuukyou,religion,,,2
宝,takara,treasure,,,2
期待,kitai,"expectation, hope",,,1
支出,shishutsu,expenditure,,,1
説明,setsumei,explanation,,,1
宝石,houseki,"gem, jewel",,,3
実施,jisshi,enforcement; implementation; putting into practice; carrying out; operation; working,,,6
実行,jikkou,"execution, practice",,,6
宣伝,senden,"publicity, advertisement",,,2
家賃,yachin,rent,,,2
表情,hyoujou,facial expression,,,1
工場,koujou,factory,,,1
公平,kouhei,"fairness, justice",,,1
容器,youki,"container, vessel",,,5
容易,youi,"easy, simple, plain",,,5
農家,nouka,"farmer, farm family",,,1
農民,noumin,"farmers, peasants",,,1
流行,ryuukou,"fashion, vogue",,,1
父親,chichioya,father,,,1
恩,on,"favor, debt of gratitude",,,1
宿,yado,"inn, lodging",,,3
宿泊,shukuhaku,lodging,,,6
ご馳走,gochisou,feast,,,1
寄る,yoru,"to approach, to drop by",,,2
寝坊,nebou,sleeping late,,,7
料金,ryoukin,"fee, charge, fare",,,1
審判,shinpan,"refereeing, trial",,,3
寺,tera,temple,,,5
感動,kandou,feeling deeply moved emotionally,,,1
さっぱり,sappari,feeling refreshed,,,1
封筒,fuutou,envelope,,,6
お祭り,omatsuri,festival,,,1
専攻,senkou,major subject,,,6
尊重,sonchou,"respect, esteem",,,5
尋ねる,tazuneru,"to ask, to enquire",,,4
小包,kozutsumi,"parcel, package",,,2
小麦,komugi,wheat,,,2
就く,tsuku,to take,,,3
就職,shuushoku,finding employment,,,6
尻,shiri,"buttocks, bottom",,,3
届ける,todokeru,"to deliver, to send",,,6
屋上,okujou,rooftop,,,5
始発,shihatsu,"first train, first bus",,,1
一流,ichiryuu,"first-class, top grade",,,1
屋根,yane,roof,,,3
展覧,tenran,exhibition,,,5
屡々,shibashiba,"often, again and again",,,4
履く,haku,to put on clothes (lower body),,,6
床,yuka,floor,,,1
岩,iwa,rock,,,6
岸,kishi,"bank, coast, shore",,,6
川沿い,kawazoi,"along the river, riverside",,,5
飲食,inshoku,"food and drink, eating and drinking",,,1
食物,shokumotsu,"food, foodstuff",,,1
巣,su,"nest, hive",,,4
工夫,kufuu,solving ingeniously,,,6
左右,sayuu,"left and right, control",,,5
海外,kaigai,"foreign, abroad",,,1
遠慮,enryo,foresight,,,1
差し上げる,sashiageru,"to give, to offer",,,2
市場,ichiba,"market, the market place",,,2
基本,kihon,"foundation, basis",,,1
市役所,shiyakusho,"municipal office, city hall",,,2
布,nuno,cloth,,,3
帯,obi,"obi, kimono sash",,,6
帰国,kikoku,return to one’;s country,,,5
常に,tsuneni,"always, constantly",,,2
冷蔵庫,reizouko,fridge,,,1
常識,joushiki,common sense,,,5
幅,haba,"width, breadth",,,3
友情,yuujou,"friendship, fellowship",,,1
今後,kongo,from now on,,,1
幕,maku,curtain,,,3
干す,hosu,"to dry, to drink up",,,2
実,mi,"fruit, nut",,,1
機能,kinou,function,,,1
平ら,taira,"flatness, level",,,3
平均,heikin,"average, mean",,,6
家具,kagu,furniture,,,1
平等,byoudou,"equality, evenness",,,3
将来,shourai,"future, prospects",,,1
競技,kyougi,"game, match",,,1
庭,niwa,garden,,,1
服装,fukusou,"garment, attire",,,1
年齢,nenrei,"age, years",,,5
幸い,saiwai,"happiness, luckily",,,6
性別,seibetsu,gender,,,1
幸福,koufuku,happiness,,,5
一般,ippan,"general, universal",,,1
幸運,kouun,"good luck, fortune",,,5
要点,youten,"gist, main point",,,1
目的,mokuteki,"goal, purpose, aim",,,1
熱中,necchuu,going nuts,,,1
外出,gaishutsu,going out,,,1
出勤,shukkin,"going to work, leaving for work",,,1
幼い,osanai,"very young, childish",,,2
幾ら,ikura,"how much, how many",,,2
床屋,tokoya,barbershop,,,4
底,soko,"bottom, sole",,,6
度々,tabitabi,"often, again and again",,,4
段々,dandan,gradually,,,1
座席,zaseki,seat,,,6
建築,kenchiku,"construction, architecture",,,6
建設,kensetsu,construction,,,5
弁護牛,bengoshi,"lawyer, attorney",,,3
引っ張る,hipparu,"to pull, to draw",,,2
強盗,goutou,"robber, mugger",,,5
強調,kyouchou,"emphasis, highlight",,,6
弾,tama,"ball, sphere, globe, bullet",,,4
当日,toujitsu,"appointed day, very day",,,7
影響,eikyou,"influence, effect",,,5
集団,shuudan,"group, mass",,,1
役,yaku,"use, service, role",,,7
客,kyaku,guest,,,1
役立つ,yakudatsu,"to be useful, to be helpful",,,7
体育館,taiikukan,gymnasium,,,1
往復,oufuku,making a round trip,,,3
徐々,jojo,"gradually, steadily",,,3
徒歩,toho,"walking, going on foot",,,2
従兄弟,itoko,cousin,,,2
柄,e,"handle, grip",,,1
柄,e,"handle, grip",,,1
得意,tokui,"one’s strong point, frequent customer",,,2
微笑む,hohoemu,to smile,,,2
徹夜,tetsuya,all night,,,6
港,minato,"harbor, port",,,1
徹底,tettei,"thoroughness, completeness",,,7
必ず,kanarazu,always,,,6
頭痛,zutsuu,headache,,,1
健康,kenkou,health,,,1
丈夫,joubu,"healthy, robust, strong",,,1
熱,netsu,heat,,,1
助手,joshu,"helper, assistant",,,1
必死,hisshi,"frantic, desperate",,,6
高価,kouka,high price,,,1
応募,oubo,"application, enlistment",,,5
応援,ouen,"aid, assistance, help",,,6
快晴,kaisei,clear weather,,,5
思い出,omoide,memories,,,5
怠ける,namakeru,to be idle,,,6
穴,ana,"hole, deficit, vacancy",,,1
休日,kyuujitsu,"holiday, day off",,,1
性格,seikaku,"character, personality",,,5
怪しい,ayashii,sus,,,7
恋しい,koishii,"yearned for, missed",,,6
恐らく,osoraku,"perhaps, likely",,,7
恐ろしい,osoroshii,"terrible, dreadful",,,7
恐怖,kyoufu,"fear, dread, dismay",,,6
馬,uma,horse,,,1
入院,nyuuin,hospitalization,,,1
温泉,onsen,hot spring,,,1
湯,yu,hot water,,,1
家庭,katei,household,,,1
主婦,shufu,"housewife, mistress",,,1
悔しい,kuyashii,"annoying, frustrating",,,7
悩む,nayamu,to be worried,,,3
悪戯,itazura,"mischief, prank",,,6
情けない,nasakenai,"miserable, pitiable",,,4
意識,ishiki,consciousness,,,5
氷,koori,ice,,,1
同一,douitsu,"identical, same",,,1
感覚,kankaku,"sense, sensation, feeling",,,6
態度,taido,"attitude, manner",,,5
実現,jitsugen,implementation,,,1
慌てる,awateru,"to panic, to rush",,,4
重視,juushi,"importance, stress",,,1
重要,juuyou,"important, essential",,,1
不可能,fukanou,impossible,,,1
慎重,shinchou,"careful, cautious, prudent",,,6
慣れる,nareru,to get used to,,,6
慰める,nagusameru,"to comfort, to console",,,2
次々,tsugitsugi,"in succession, one by one",,,1
出来事,dekigoto,"incident, affair",,,1
収入,shuunyuu,"income, revenue",,,1
憲法,kenpou,constitution,,,4
懐かしい,natsukashii,"missed, nostalgic",,,3
個人,kojin,"individual, personal",,,1
産業,sangyou,industry,,,1
成人,seijin,adult,,,5
説明会,setsumeikai,"information session, briefing",,,1
情報,jouhou,"information, news",,,1
我慢,gaman,"patience, endurance",,,7
注射,chuusha,injection,,,1
害,gai,"injury, harm, damage",,,1
怪我,kega,"injury, hurt",,,1
不正,fusei,"injustice, unfairness",,,1
戻す,modosu,"to put back, to give back",,,5
所為,sei,"consequence, result, blame",,,6
入力,nyuuryoku,input,,,1
虫,mushi,insect,,,1
手品,tejina,"sleight of hand, magic",,,3
見学,kengaku,"inspection, field trip",,,1
時刻,jikoku,"instant, time, moment",,,1
不足,fusoku,insufficiency,,,1
知能,chinou,"intelligence, brain",,,1
手間,tema,"time, labor",,,6
扱う,atsukau,"to deal with, to treat",,,2
国際,kokusai,international,,,1
批評,hihyou,criticism,,,5
交差点,kousaten,intersection,,,1
面接,mensetsu,interview,,,1
承知,shouchi,"knowledge, awareness",,,6
紹介,shoukai,introduction,,,1
発明,hatsumei,invention,,,1
調査,chousa,"investigation, examination",,,1
発行,hakkou,"issue, publishing",,,1
承認,shounin,"recognition, acknowledgement",,,6
抑える,osaeru,"to restrain, to control",,,3
投げる,nageru,to throw,,,7
入社,nyuusha,joining a company,,,1
折る,oru,"to break, to fracture",,,2
判断,handan,"judgment, decision",,,1
折れる,oreru,"to break, to be broken",,,3
少々,shoushou,just a minute,,,1
一応,ichiou,"just in case, pretty much",,,1
親切,shinsetsu,kindness,,,1
抱える,kakaeru,to hold in the arms,,,2
抱く,idaku,to embrace,,,7
知識,chishiki,"knowledge, information",,,1
言語,gengo,language,,,1
押し入れ,oshiire,closet,,,7
大量,tairyou,"large quantity, mass",,,1
昨夜,sakuya,last night,,,1
最終,saishuu,"last, final",,,1
近頃,chikagoro,"lately, recently",,,1
遅刻,chikoku,"lateness, late coming",,,1
法律,houristu,law,,,1
芝生,shibafu,lawn,,,1
担当,tantou,being in charge,,,5
指導,shidou,"leadership, guidance",,,1
葉,ha,leaf,,,1
拍手,hakushu,applause,,,5
革,kawa,leather,,,1
招く,maneku,"to invite, to ask",,,3
拡大,kakudai,magnification,,,7
拾う,hirou,to pick up,,,3
指す,sasu,"to point, to indicate",,,2
未満,miman,"less than, insufficient",,,1
文字,moji,letter,,,1
指定,shitei,"assignment, appointment",,,5
水準,suijun,"level, standard",,,1
挨拶,aisatsu,"greeting, salutation",,,5
捕まえる,tsukamaeru,"to catch, to arrest",,,3
掃く,haku,"to sweep, to brush",,,3
掘る,horu,"to dig, to excavate",,,7
探す,sagasu,"to search, to look for",,,2
明かり,akari,"light, illumination, glow",,,1
推薦,suisen,"recommendation, referral",,,6
特急,tokkyuu,limited express,,,1
一人暮らし,hitorigurashi,"living by oneself, living alone",,,1
居間,ima,living room,,,1
掲示,keiji,"notice, bulletin",,,6
掲示板,keijiban,"bulletin board, notice board",,,6
愛情,aijou,"love, affection",,,1
素敵,suteki,"lovely, beautiful",,,1
掴む,tsukamu,"to seize, to catch",,,4
握る,nigiru,"to grip, to grasp",,,2
握手,akushu,handshake,,,5
温い,nurui,lukewarm,,,1
援助,enjo,"assistance, aid",,,5
機械,kikai,"machine, mechanism",,,1
揺れる,yureru,"to shake, to sway",,,3
便,bin,"mail, post, flight",,,1
損害,songai,"damage, injury, loss",,,5
撫でる,naderu,"to stroke, to caress",,,3
支える,sasaeru,"to support, to prop",,,2
支店,shiten,branch office,,,5
大半,taihan,"majority, more than half",,,1
支度,shitaku,"preparation, arrangements",,,2
支払い,shiharai,payment,,,5
男性,dansei,"man, male",,,1
支給,shikyuu,"provision, supply",,,3
行儀,gyougi,"manners, behavior",,,1
礼儀,reigi,"manners, courtesy",,,1
作法,sahou,"manners, etiquette",,,1
改善,kaizen,improvement,,,5
製造,seizou,"manufacture, production",,,1
製品,seihin,manufactured goods,,,1
改札,kaisatsu,"ticket gate, ticket barrier",,,2
夫婦,fuufu,"married couple, spouses",,,1
畳,tatami,mat,,,1
一致,icchi,"match, agreement",,,1
物質,busshitsu,"material, substance",,,1
攻撃,kougeki,"attack, strike",,,5
入学,nyuugaku,matriculation,,,1
手段,shudan,"means, way, measure",,,1
医療,iryou,medical care,,,1
放送,housou,"broadcast, broadcasting",,,6
薬,kusuri,medicine,,,1
会議,kaigi,"meeting, conference",,,1
議員,giin,member of the Diet,,,1
放題,houdai,to one’s heart’s content,,,2
記憶,kioku,"memory, recollection",,,1
単なる,tannaru,"mere, simple, sheer",,,1
金属,kinzoku,metal,,,1
大都会,daitokai,"metropolis, big city",,,1
政府,seifu,"government, administration",,,5
政治,seiji,government,,,6
故郷,kokyou,"home town, birthplace",,,7
救う,sukuu,to rescue from,,,3
教授,kyouju,professor,,,5
数,kazu,number,,,3
数える,kazoeru,to count,,,3
適度,tekido,moderate,,,1
整理,seiri,"sorting, arrangement",,,5
断る,kotowaru,"to refuse, to reject",,,3
新鮮,shinsen,fresh,,,5
方々,katagata,they,,,6
多少,tashou,"more or less, somewhat",,,1
旗,hata,flag,,,6
午前,gozen,morning,,,1
最も,mottomo,"most, extremely",,,1
日付,hizuke,date,,,7
早めに,hayameni,ahead of time,,,5
移動,idou,"movement, transfer",,,1
急行,kyuukou,moving at high speed,,,1
早朝,souchou,early morning,,,5
早退,soutai,leaving early,,,5
普通,futsuu,"general, ordinary",,,6
景色,keshiki,scenery,,,6
暮らし,kurashi,"life, living",,,5
博物館,hakubutsukan,museum,,,1
楽器,gakki,musical instrument,,,1
演奏,ensou,musical performance,,,1
更に,sarani,"furthermore, again",,,4
書斎,shosai,"study, library",,,3
書物,shomotsu,books,,,5
狭い,semai,narrow,,,1
最低,saitei,"least, lowest, worst",,,5
有らゆる,arayuru,"all, every",,,5
当然,touzen,natural,,,1
自然,shizen,"nature, natural",,,1
天然,tennen,"nature, spontaneity",,,1
有効,yuukou,"validity, effectiveness",,,1
側,soba,"near, beside (as a noun)",,,1
望み,nozomi,"hope, desire, wish",,,6
望む,nozomu,"to desire, to wish for",,,6
末,sue,"tip, top, end, close",,,3
札,satsu,"note, paper money",,,4
材料,zairyou,"ingredients, material",,,5
束,taba,"bundle, bunch",,,2
条件,jouken,"conditions, terms",,,5
新入生,shinnyuusei,"new student, freshman",,,1
新た,arata,"new, fresh, novel",,,1
知らせ,shirase,"news, notice",,,1
板,ita,"board, plank",,,3
林,hayashi,forest,,,5
果物,kudamono,fruit,,,5
枝,eda,branch,,,3
居眠り,inemuri,"nodding off, dozing",,,1
枯れる,kareru,to wither,,,3
柔らかい,yawarakai,"soft, tender",,,6
柔道,juudou,judo,,,5
正常,seijou,"normalcy, normality",,,1
必ずしも,kanarazushimo,not always,,,1
栄養,eiyou,"nutrition, nourishment",,,5
株,kabu,"stock, share",,,4
根,ne,"root, source, origin",,,3
梅,ume,"plum, plum tree",,,3
通知,tsuuchi,notice; notification; report; posting,,,1
番号,bangou,number,,,1
梅雨,tsuyu,rainy season,,,4
森林,shinrin,"forest, woods",,,5
植える,ueru,to grow,,,5
目標,mokuhyou,"objective, target",,,1
観察,kansatsu,observation,,,1
検査,kensa,"inspection, examination",,,2
明らか,akiraka,"obvious, evident, clear",,,1
検討,kentou,"consideration, examination",,,3
事務所,jimusho,office,,,1
出張,shucchou,"official tour, business trip",,,1
極,goku,"quite, very",,,3
楽,raku,"comfort, ease",,,3
構う,kamau,"to mind, to care about",,,2
油,abura,oil,,,1
構成,kousei,"organization, composition",,,2
古い,furui,old,,,1
様子,yousu,"state, appearance",,,6
年寄,toshiyori,"old people, the aged",,,1
片方,katahou,"one of a pair, one side",,,1
我が家,wagaya,one's home,,,1
勝手,katte,"one’s own convenience, selfish",,,1
横,yoko,"horizontal, beside",,,6
横切る,yokogiru,"to cross, to traverse",,,3
横断,oudan,"crossing, traverse",,,2
機嫌,kigen,"humor, temper, mood",,,2
操作,sousa,"operation, management",,,1
運転,unten,"operation, operating",,,1
敵,teki,"opponent, rival",,,1
機械,kikai,chance,,,5
反対,hantai,"opposition, resistance",,,1
命令,meirei,"order, command",,,1
注文,chuumon,"order, request",,,1
順,jun,"order, turn",,,1
日常,nichijou,"ordinary, everyday",,,1
欠ける,kakeru,to be lacking,,,3
欠席,kesseki,absence,,,5
団体,dantai,"organization, association",,,1
欠陥,kekkan,"defect, fault",,,2
次第に,shidaini,"gradually, in sequence",,,3
発生,hassei,"outbreak, spring forth, occurrence",,,1
残業,zangyou,overtime,,,1
酸素,sanso,oxygen,,,1
有料,yuuryou,"paid, fee-charging, not free",,,1
痛み,itami,"pain, ache, soreness",,,1
歓迎,kangei,"welcome, reception",,,2
止す,yosu,"to cease, to desist",,,2
正に,masani,"exactly, surely",,,3
正午,shougo,"noon, midday",,,3
駐車,chuusha,parking,,,1
役割,yakuwari,"part, role, duties",,,1
参加者,sankasha,"participant, entrant",,,1
参加,sanka,participation,,,1
特に,tokuni,"particularly, especially",,,1
別れ,wakare,"parting, separation",,,1
正式,seishiki,"official, formality",,,5
正直,shoujiki,"honesty, integrity",,,3
通行,tsuukou,"passage, passing",,,1
歩行者,hokousha,"pedestrian, walker",,,7
合格,goukaku,passing,,,1
歩道,hodou,"footpath, walkway",,,7
患者,kanja,patient,,,1
模様,moyou,"pattern, design",,,1
歯磨き,hamigaki,brushing one’;s teeth,,,5
歴史,rekishi,history,,,6
平和,heiwa,"peace, harmony",,,1
独特,dokutoku,"peculiarity, uniqueness",,,1
死亡,shibou,"death, mortality",,,5
勘,kan,"perception, intuition",,,1
満点,manten,"perfect score, full marks",,,1
完全,kanzen,"perfection, completeness",,,1
比較,hikaku,comparison,,,2
許可,kyoka,"permission, approval",,,1
気に入る,kiniiru,to be pleased with,,,6
水泳,suiei,swimming,,,6
現象,genshou,phenomenon,,,1
求める,motomeru,"to want, to wish for",,,3
体力,tairyoku,"physical strength, stamina",,,1
絵,e,picture,,,1
絵画,kaiga,"picture, painting",,,1
切れ,kire,"piece, slide",,,1
気の毒,kinodoku,"pitiful, unfortunate",,,1
汚れ,yogore,"dirt, filth, stain",,,6
汚れる,yogoreru,to get dirty,,,6
位置,ichi,"place, position",,,1
野,no,"plain, field",,,1
設計,sekkei,"plan, design, layout",,,1
計画,keikaku,"plan, project",,,1
予定,yotei,"plans, arrangement",,,1
植物,shokubutsu,"plant, vegetation",,,1
汚染,osen,"pollution, contamination",,,2
沈む,shizumu,"to sink, to go under",,,3
快適,kaiteki,"pleasant, comfortable",,,1
愉快,yukai,"pleasant, happy",,,1
土地,tochi,"plot of land, soil",,,1
沖,oki,open sea,,,3
詩人,shijin,poet,,,1
共通点,kyoutsuuten,"point in common, common feature",,,1
毒,doku,poison,,,1
棒,bou,"pole, rod, stick",,,1
警察,keisatsu,police,,,1
泉,izumi,"spring, fountain",,,3
警官,keikan,policeman,,,1
丁寧,teinei,polite,,,1
泊まる,tomaru,to stay at,,,3
池,ike,pond,,,1
泡,awa,"bubble, foam",,,3
泥,doro,"mud, dirt",,,5
泥棒,dorobou,thief,,,5
注ぐ,sosogu,"to pour into, to fill",,,2
郵便局,yuubinkyoku,post office,,,1
注目,chuumoku,"notice, attention",,,6
延期,enki,postponement,,,1
姿勢,shisei,"posture, attitude",,,1
可能,kanou,"potential, possible",,,1
停電,teiden,power outage,,,1
強力,kyouryoku,"powerful, strong",,,1
実用,jitsuyou,"practical use, utility",,,1
実際,jissai,"practical, reality",,,1
実習,jisshuu,practice,,,1
訓練,kunren,"practice, training",,,1
洋服,youfuku,western clothes,,,6
洗濯,sentaku,"washing, laundry",,,6
活気,kakki,"energy, liveliness",,,2
知事,chiji,prefectural governor,,,1
県,ken,prefecture,,,1
予習,yoshuu,preparation for a lesson,,,1
派手,hade,"showy, flashy",,,5
現状,genjou,present condition,,,1
浅い,asai,shallow,,,5
浮く,uku,to float,,,5
保存,hozon,"preservation, conservation",,,1
消費,shouhi,"consumption, expenditure",,,7
予防,yobou,"prevention, precaution",,,1
前日,zenjitsu,"previous day, day before",,,1
先,saki,"previous, first",,,1
値段,nedan,price,,,1
消防,shoubou,fire fighting,,,6
深刻,shinkoku,"serious, severe",,,5
混ぜる,mazeru,"to mix, to stir",,,3
混乱,konran,"disorder, chaos",,,5
自慢,jiman,"pride, boast",,,1
首相,shushou,Prime Minister,,,1
王子,ouji,prince,,,1
主義,shugi,"principle, rule, doctrine",,,1
混雑,konzatsu,"congestion, jam",,,5
清潔,seiketsu,"clean, sanitary",,,3
済ませる,sumaseru,to finish,,,2
処理,shori,"processing, dealing with",,,1
作物,sakumotsu,"produce, crops",,,1
済む,sumu,"to finish, to end",,,2
渋滞,juutai,"congestion, stagnation",,,6
番組,bangumi,program,,,1
進歩,shinpo,"progress, advance",,,1
湿度,shitsudo,level of humidity,,,7
発音,hatsuon,pronunciation,,,1
証明,shoumei,"proof, verification",,,1
財産,zaisan,"property, fortune, assets",,,1
提案,teian,"proposal, suggestion",,,1
湿気,shikke,"moisture, humidity, dampness",,,7
満ちる,michiru,to be full,,,3
溺れる,oboreru,to drown,,,6
滑る,suberu,"to glide, to slide",,,7
滞在,taizai,"staying, sojourn",,,2
応用,ouyou,putting to practical use,,,1
質,shitsu,"quality, value",,,1
量,ryou,"quantity, amount",,,1
演技,engi,"acting, performance",,,5
女王,joou,queen,,,1
疑問,gimon,"question, doubt",,,1
濃い,koi,"thick, dense, strong",,,6
炎,honoo,"flame, blaze",,,3
短気,tanki,"quick temper, short temper",,,1
無沙汰,busata,not writing or contacting for a while,,,7
引用,inyou,"quotation, citation",,,1
無視,mushi,"disregarding, ignoring",,,2
然も,shikamo,"moreover, furthermore",,,7
煙,kemuri,"smoke, fumes",,,7
煩い,urusai,noisy,,,5
爆発,bakuhatsu,"explosion, detonation",,,6
片付ける,katazukeru,"to tidy up, to put in order",,,2
急速,kyuusoku,rapid,,,1
急に,kyuuni,rapidly,,,1
潡々,dondon,"rapidly, continuously",,,1
物価,bukka,prices of commodities,,,5
物語,monogatari,"tale, story",,,5
割合,wariai,"rate, ratio",,,1
割,wari,"rate, ratio, proportion",,,1
特徴,tokuchou,"feature, trait",,,7
現実,genjitsu,"reality, actuality",,,1
訳,wake,"reason, cause, meaning",,,1
この頃,konogoro,recently,,,1
受付,uketsuke,reception,,,1
状態,joutai,"condition, situation",,,5
状況,joukyou,state of affairs,,,5
狂う,kuruu,to go mad,,,3
独立,dokuritsu,independence,,,5
回復,kaifuku,recovery,,,1
募集,boshuu,"recruitment, taking applications, raising",,,1
独身,dokushin,"single, unmarried",,,5
猿,saru,monkey,,,4
参考,sankou,"reference, consultation",,,1
関連,kanren,"relation, connection",,,1
率,ritsu,"rate, ratio",,,2
親戚,shinseki,"relative, relation",,,1
信頼,shinrai,"reliance, trust",,,1
救助,kyuujo,"relief, aid",,,1
玩具,omocha,toy,,,2
珍しい,mezurashii,"rare, unusual",,,7
修理,shuuri,"repairing, mending",,,1
報告,houkoku,"report, information",,,1
依頼,irai,"request, commission",,,1
住宅,juutaku,"residence, housing",,,1
抵抗,teikou,"resistance, opposition",,,1
現れる,arawareru,"to appear, to come in sight",,,6
資源,shigen,resources,,,1
環境,kankyou,environment,,,6
尊敬,sonkei,"respect, esteem",,,1
返事,henji,response,,,1
生える,haeru,"to grow, to spring up",,,2
制限,seigen,"restriction, restraint",,,1
結果,kekka,"result, consequence",,,1
成績,seiseki,"results, grade",,,1
引退,intai,retire,,,1
生じる,shoujiru,to produce; to yield; to cause; to result from; to arise; to be generated,,,4
生憎,ainiku,"unfortunately; sorry, but…",,,2
帰宅,kitaku,returning home,,,1
用いる,mochiiru,"to use, to make use of",,,3
用紙,youshi,blank form,,,5
復習,fukushuu,"review, revision",,,1
申す,mousu,"to say, to be called",,,3
申込書,moushikomisho,application form,,,7
画面,gamen,terminal screen,,,2
権利,kenri,"right, privilege",,,1
畑,hatake,field,,,2
留める,tomaru,"to stop, to turn off",,,3
道路,douro,"road, highway",,,1
車道,shadou,roadway,,,1
留守,rusu,"absence, being away from home",,,6
略,hobo,"almost, roughly",,,3
異なる,kotonaru,"to differ, to vary",,,3
疑う,utagau,"to doubt, to distrust",,,2
癖,kuse,habit,,,6
発表,happyou,announcement,,,5
発達,hattatsu,"development, growth",,,2
皮,kawa,"skin, pelt",,,3
盗む,nusumu,to steal,,,3
盛り,mori,"serving, helping",,,2
決まり,kimari,"rule, settlement",,,1
盛ん,sakan,"popular, prosperous",,,2
監督,kantoku,supervision,,,6
悲しい,kanashii,sad,,,1
金庫,kinko,"safe, vault",,,1
給料,kyuuryou,"salary, wages",,,1
発売,hatsubai,"sale, launch",,,1
販売,hanbai,"sales, selling",,,1
目覚まし時計,mezamashidokei,alarm clock,,,6
満足,manzoku,"satisfaction, contentment",,,1
直ちに,tadachini,"at once, immediately",,,6
直に,jikani,"directly, in person",,,6
直接,chokusetsu,"direct, immediate",,,6
相変わらず,aikawarazu,"as ever, as usual, the same",,,5
日程,nittei,"schedule, program",,,1
奨学金,shougakukin,scholarship,,,1
科目,kamoku,school subject,,,1
相当,soutou,"considerable, suitable",,,5
相続,souzoku,"succession, inheritance",,,2
省く,habuku,"to omit, to leave out",,,3
秒,byou,second,,,1
内緒,naisho,"secrecy, confidentiality",,,1
秘密,himitsu,"secret, secrecy",,,1
真っ直ぐ,massugu,"straight ahead, direct",,,6
見送り,miokuri,seeing one off,,,1
真ん中,mannaka,"middle, center",,,5
気味,kimi,"sensation, feeling",,,1
真似,mane,"imitating, copying",,,3
文章,bunshou,sentence,,,1
句,ku,"sentence, passage",,,1
別々,betsubetsu,"separately, individually",,,1
続き,tsuzuki,"sequel, continuation",,,1
真逆,masaka,"by no means, never",,,6
重大,juudai,"serious, important",,,1
真面目,majime,seriousness,,,7
眩しい,mabushii,"dazzling, radiant",,,6
真剣,shinken,"seriousness, earnestness",,,1
本気,honki,"seriousness, earnestness, truth",,,1
眺める,nagameru,"to view, to gaze at",,,6
知り合い,shiriai,acquaintance,,,5
定食,teishoku,set meal,,,1
組,kumi,"set, group",,,1
解決,kaiketsu,"settlement, solution",,,1
知恵,chie,"wisdom, wit",,,7
影,kage,shadow,,,1
石油,sekiyu,"oil, petroleum",,,2
石炭,sekitan,coal,,,2
石鹸,sekken,soap,,,3
低い,hikui,short,,,1
短い,mijikai,short,,,1
砂漠,sabaku,desert,,,7
観光,kankou,sightseeing,,,1
合図,aizu,"sign, signal",,,1
破る,yaburu,"to tear, to break",,,3
看板,kanban,"signboard, billboard",,,1
破産,hasan,bankruptcy,,,2
歌手,kashu,singer,,,1
硬い,katai,"hard, solid",,,2
硬貨,kouka,coin,,,3
確認,kakunin,"confirmation, verification",,,5
事態,jitai,situation,,,1
示す,shimesu,"to show, to indicate",,,2
祈る,inoru,"to pray, to wish",,,3
上空,joukuu,"sky, upper air",,,1
睡眠,suimin,sleep,,,1
祖父母,sofubo,grandparents,,,7
祝う,iwau,"to congratulate, to celebrate",,,3
神経,shinkei,"nerve, sensitivity",,,2
禁止,kinshi,"prohibition, ban",,,5
禁煙,kinen,no smoking,,,5
移す,utsusu,"to transfer, to move",,,6
移る,utsuru,to move,,,6
にっこり,nikkori,"smile, grin",,,1
稍,yaya,"a little, partially",,,7
言わば,iwaba,so to speak,,,1
税金,zeikin,"tax, duty",,,2
地位,chii,"social position, status",,,1
種,tane,"seed, kind, variety",,,3
稲,ine,rice-plant,,,3
息子,musuko,son,,,1
稼ぐ,kasegu,to earn income,,,2
穀物,kokumotsu,"grain, cereal",,,3
ぐっすり,gussuri,sound sleep,,,1
記念品,kinenhin,"souvenir, memento",,,1
積もる,tsumoru,"to pile up, to accumulate",,,4
積極的,sekkyokuteki,"assertive, positive",,,3
広い,hiroi,spacious,,,1
専門,senmon,"specialty, area of expertise",,,1
穏やか,odayaka,"calm, gentle, quiet",,,3
演説,enzetsu,"speech, address",,,1
速度,sokudo,"speed, velocity",,,1
辛い,karai,spicy,,,1
精神,seishin,"spirit, heart, mind",,,1
空,kara,"emptiness, vacuum, blank",,,5
空き,aki,"space, room, emptiness",,,6
空き家,akiya,"vacant house, unoccupied house",,,5
安定,antei,"stability, equilibrium",,,1
舞台,butai,stage,,,1
階段,kaidan,stairs,,,1
立場,tachiba,"standpoint, position",,,1
空く,suku,to become empty,,,2
空港,kuukou,airport,,,5
突然,totsuzen,"abrupt, sudden",,,5
立派,rippa,"splendid, fine",,,4
端,hashi,"end, edge",,,6
競争,kyousou,"competition, contest",,,5
笛,fue,"flute, pipe",,,6
筆,fude,writing brush,,,3
等々,toutou,finally,,,2
妙,myou,"strange, unusual",,,1
異常,ijou,"strangeness, abnormality",,,1
流れ,nagare,"stream, current, flow",,,1
等しい,hitoshii,equal,,,3
筋,suji,muscle,,,4
代わり,kawari,substitute,,,1
筋肉,kinniku,muscle,,,3
地下鉄,chikatetsu,subway,,,1
答案,touan,examination paper,,,2
急激,kyuugeki,"sudden, radical",,,1
砂糖,satou,sugar,,,1
自殺,jisatsu,suicide,,,1
適当,tekitou,"suitable, proper",,,1
日光,nikkou,sunlight,,,1
暮れ,kure,"sunset, sundown",,,1
節,fushi,"joint, knuckle, tune",,,3
上等,joutou,"superiority, first-class",,,1
節約,setsuyaku,"economizing, saving",,,2
範囲,han’i,"range, scope, extent",,,3
確か,tashika,"surely, definitely",,,1
籠,kago,"basket, cage",,,6
米,kome,rice,,,6
驚く,odoroku,surprised,,,1
周り,mawari,surroundings,,,1
粉,kona,"flour, powder",,,7
中止,chuushi,"suspension, stoppage",,,1
汗,ase,"sweat, perspiration",,,1
粗い,arai,"coarse, rough",,,7
症状,shoujou,"symptoms, condition",,,1
制度,seido,"system, institution",,,1
表,hyou,"table, chart",,,1
食器,shokki,tableware,,,1
粗末,somatsu,"rude, rough, plain",,,3
精々,seizei,"at the most, at best",,,5
才能,sainou,"talent, ability",,,1
能,nou,"talent, gift, function",,,1
対象,taishou,"target, object",,,1
納得,nattoku,"consent, assent",,,4
教師,kyoushi,teacher,,,1
退屈,taikutsu,"tedium, boredom",,,1
温度,ondo,temperature,,,1
紐,himo,"string, cord",,,3
細い,hosoi,thin,,,6
細かい,komakai,"small, fine, minute",,,7
終了,shuuryou,"end, close, termination",,,5
終点,shuuten,"terminus, last stop",,,5
組合,kumiai,"association, union",,,5
教科書,kyoukasho,textbook,,,1
感謝,kansha,"thanks, gratitude",,,1
お礼,orei,"thanks, gratitude",,,1
組織,soshiki,organization,,,6
先日,senjitsu,the other day,,,1
経つ,tatsu,"to pass, to lapse",,,2
経営,keiei,management,,,7
経済,keizai,economics,,,7
論文,ronbun,"thesis, essay",,,1
経由,keiyu,"through, via",,,2
厚い,atsui,thick,,,1
結ぶ,musubu,"to tie, to bind",,,3
結局,kekkyoku,"after all, eventually",,,5
結構,kekkou,"fine by me, enough, okayable",私には中古車でけっこうです,A used car is good enough for me.,6
結論,ketsuron,conclusion,,,5
用事,youji,"things to do, tasks",,,1
絶滅,zetsumetsu,"destruction, exinction",,,6
思想,shisou,"thought, idea",,,1
維持,iji,"maintenance, preservation",,,3
緊張,kinchou,"tension, nervousness",,,5
切符,kippu,ticket,,,1
締める,shimeru,"to tie, to fasten, to tighten",,,2
締め切り,shimekiri,"deadline, closing",,,4
編む,amu,"to knit, to braid",,,7
縁,fuchi,"rim, edge, brink",,,4
疲れ,tsukare,"tiredness, fatigue",,,1
減らす,herasu,"to abate, to decrease",,,1
従う,shitagau,to abide,,,1
縄,nawa,"rope, cord",,,4
縛る,shibaru,"to tie, to bind, to fasten",,,2
縦,tate,"length, height",,,3
答える,kotaeru,to answer,,,1
謝る,ayamaru,to apologise,,,1
縮小,shukushou,"reduction, curtailment",,,7
繰り返す,kurikaesu,to repeat,,,3
申し込む,moushikomu,to apply for,,,1
論じる,ronjiru,"to argue, to debate",,,1
缶,kan,"can, tin",,,3
確かめる,tashikameru,"to ascertain, to check",,,1
罪,tsumi,"crime, sin, wrongdoing",,,3
罰する,bassuru,"to punish, to penalize",,,7
署名,shomei,signature,,,7
組み立てる,kumitateru,"to assemble, to set up",,,1
羨ましい,urayamashii,jealous,,,6
羽,hane,"feather, down",,,5
翌年,yokutoshi,following year,,,6
居る,iru,to be,私はあなたが居るだけで幸せです,I am happy just with you being here.,1
翌朝,yokuasa,next morning,,,6
壊れる,kowareru,to be broken,,,1
習慣,shuukan,"habit, custom",,,7
治る,naoru,to be cured,,,1
効く,kiku,to be effective,,,1
直る,naoru,to be fixed,,,1
見つかる,mitsukaru,to be found,,,1
老い,oi,"old age, old person",,,7
喜ぶ,yorokobu,to be happy,,,1
当たる,ataru,"to be hit, to strike",,,1
老人,roujin,"the aged, old person",,,7
間に合う,maniau,to be in time for,,,1
考慮,kouryo,consideration,,,6
職,shoku,"job, work, employment",,,7
遅れる,okureru,to be late,,,1
無くなる,nakunaru,"to be lost, to be missing",,,1
要る,iru,to be needed,,,1
職場,shokuba,"place of work, workplace",,,5
職業,shokugyou,"occupation, business",,,5
悲しむ,kanashimu,"to be sad, to mourn for",,,1
肌,hada,skin,,,3
育つ,sodatsu,to be raised,,,2
胃,i,stomach,,,3
脇,waki,"beside, close to, nearby",,,3
腐る,kusaru,"to rot, to go bad",,,2
習う,narau,"to be taught, to learn (from teacher)",それを彼から習った,I learned that from him,1
腰,koshi,"lower back, waist",,,3
困る,komaru,to be troubled,,,1
腹,hara,"abdomen, stomach",,,2
膝,hiza,"knee, lap",,,3
臭い,kusai,"stinking, smelly",,,6
痩せる,yaseru,to become thin,,,1
至る,itaru,"to arrive at, to reach",,,3
興味,kyoumi,"interest, curiosity",,,7
舌,shita,tongue,,,3
咲く,saku,to bloom,,,1
航空,koukuu,"aviation, flying",,,2
芝居,shibai,"play, drama",,,2
倒す,taosu,to bring down,,,1
花束,hanataba,"bunch of flowers, bouquet",,,2
芸術,geijutsu,"art, the arts",,,6
呼ぶ,yobu,"to call out, to invite",,,1
苛々,iraira,"getting nervous, irritation",,,5
運ぶ,hakobu,"to carrry, to transport",,,1
苛める,ijimeru,"to bully, to torment",,,5
若者,wakamono,young people,,,5
苦い,nigai,bitter,,,6
苦しい,kurushii,"painful, difficult",,,7
掃除,souji,"to clean, to sweep",,,1
苦しむ,kurushimu,to suffer,,,7
苦手,nigate,"poor at, weak in",,,7
取れる,toreru,"to come off, to be removed",,,1
苦痛,kutsuu,"pain, agony",,,5
比べる,kuraberu,to compare,,,1
関する,kansuru,"to concern, to be related",,,1
荷物,nimotsu,luggage,,,7
繋ぐ,tsunagu,"to connect, to link together",,,1
莫大,bakudai,"enormous, vast",,,7
落ち着く,ochitsuku,"to calm down, to compose oneself",,,3
落とす,otosu,"to drop, to let fall",,,2
葉書,hagaki,postcard,,,2
著者,chosha,"author, writer",,,5
薄い,usui,"thin, weak",,,5
虫歯,mushiba,cavity,,,5
明ける,akeru,"to dawn, to end",,,1
血圧,ketsuatsu,blood pressure,,,6
血液,ketsueki,blood,,,6
減る,heru,"to decrease, to diminish",,,1
血液型,ketsuekigata,blood type,,,7
行き先,yukisaki,"destination, whereabouts",,,2
行動,koudou,"action, conduct, behavior",,,5
衛星,eisei,satellite,,,5
表す,arawasu,"to represent, to show, to display",,,2
表現,hyougen,"expression, representation",,,5
話し合う,hanashiau,to discuss,,,1
袋,fukuro,"bag, sack",,,4
分ける,wakeru,to divide,,,1
割る,waru,"to divide, to cut",,,1
行う,okonau,to do,,,1
袖,sode,sleeve,,,4
流す,nagasu,"to drain, to shed",,,1
描く,egaku,"to draw, to paint",,,1
被る,kaburu,to put on,,,3
裁判,saiban,"trial, judgement",,,2
装置,souchi,"equipment, installation",,,6
裏,ura,"reverse side, rear, back",,,4
裏側,uragawa,"the reverse, other side",,,3
持上げる,mochiageru,"to elevate, to raise",,,1
裏切る,uragiru,to betray,,,3
裸,hadaka,"naked, nude",,,3
楽しむ,tanoshimu,to enjoy,,,1
製,sei,"-made, make",,,5
消す,kesu,"to erase, to matikan",,,1
褒める,homeru,"to praise, to admire",,,3
覆う,oou,"to cover, to conceal",,,2
見事,migoto,"splendid, magnificent",,,3
対する,taisuru,to face,,,1
倒れる,taoreru,to fall,,,1
転ぶ,korobu,to fall down,,,1
恐れる,osoreru,"to fear, to be afraid of",,,1
感じる,kanjiru,"to feel, to sense",,,1
終える,oeru,to finish,,,1
見当,kentou,"aim, mark, direction",,,5
見舞い,mimai,visiting ill or distressed people,,,3
規則,kisoku,rules,,,5
覚ます,samasu,to awaken,,,3
適する,tekisuru,"to fit, to suit",,,1
覚める,sameru,to wake up,,,3
通す,toosu,"to force through, to let pass",,,1
覚悟,kakugo,"resolution, readiness",,,2
親しい,shitashii,"intimate, close",,,2
集める,atsumeru,to gather,,,1
怒る,okoru,to get angry,,,1
暮れる,kureru,to get dark,,,1
観客,kankyaku,"audience, spectator",,,6
角,kado,"angle, corner",,,5
角,tsuno,horn,,,7
降りる,oriru,to get off,,,1
疲れる,tsukareru,to get tired,,,1
解く,toku,"to untie, to solve",,,2
解ける,tokeru,"to be solved, to loosen",,,3
濡れる,nureru,to get wet,,,1
解釈,kaishaku,"explanation, interpretation",,,6
触る,sawaru,"to touch, to feel",,,3
諦める,akirameru,"to give up, to abandon",,,1
計る,hakaru,"to measure, to weigh",,,3
記念,kinen,commemoration,,,5
記録,kiroku,"record, document",,,3
渡る,wataru,to go across,彼は道を渡ることを決めた,He decided to walk across the street,1
訪ねる,tazuneru,to visit,,,2
設備,setsubi,"equipment, device",,,6
許す,yurusu,"to permit, to allow",,,3
訴える,uttaeru,"to appeal, to sue",,,2
診察,shinsatsu,medical examination,,,6
評価,hyouka,"valuation, estimation",,,5
評判,hyouban,"fame, reputation",,,2
試し,tameshi,"trial, test",,,3
試す,tamesu,"to try out, to test",,,3
詰める,tsumeru,"to stuff into, to jam",,,2
話しかける,hanashikakeru,to start a conversation,,,2
渡す,watasu,"to hand over, to give",私は彼にお金をわたす,I will give him money,1
話題,wadai,"topic, subject",,,3
掛ける,kakeru,"to hang up, to place near your face (like glasses)",,,1
詳しい,kuwashii,detailed,,,6
隠す,kakusu,"to hide, to conceal",,,1
打つ,utsu,to hit,,,1
誇り,hokori,"pride, boast",,,3
急ぐ,isogu,"to hurry, to rush",,,1
痛む,itamu,"to hurt, to ache, to feel a pain",,,1
増す,masu,"to increase, to grow",,,1
調べる,shireberu,to investigate,,,1
認める,mitomeru,"to accept, to admit",,,2
誘う,sasou,"to invite, to call for",,,4
語る,kataru,to talk about,,,2
誤り,ayamari,"error, mistake, slip",,,6
誤解,gokai,misunderstanding,,,7
読書,dokusho,reading,,,7
連れる,tsureru,"to lead, to take",,,1
調子,choushi,"tone, condition, health",,,3
請求,seikyuu,"claim, demand, charge",,,2
貸す,kasu,"to lend, to loan",,,1
好む,konomu,"to like, to prefer",,,1
組む,kumu,"to link, to put together",,,1
暮らす,kurasu,to live,,,1
諺,kotowaza,"proverb, maxim",,,4
謎,nazo,"riddle, puzzle, mystery",,,4
無くす,nakusu,to lose something,,,1
講演,kouen,"lecture, address, speech",,,2
間違う,machigau,to make a mistake,,,1
譲る,yuzuru,"to hand over, to surrender",,,3
谷,tani,valley,,,3
豊か,yutaka,"abundant, wealthy",,,3
合わせる,awaseru,"to match, to join together",,,1
豊富,houfu,"abundance, wealth",,,2
象,zou,elephant,,,5
豪華,gouka,"wonderful, gorgeous",,,2
貢献,kouken,contribution,,,4
引っ越す,hikkosu,to move house,,,1
動く,ugoku,"to move, to stir",,,1
気付く,kizuku,"to notice, to realize",,,1
知らせる,shiraseru,"to notify, to advise, to inform",,,1
貧しい,mazushii,poor,,,7
起こる,okoru,"to occur, to happen",,,1
責める,semeru,"to blame, to condemn",,,3
責任,sekinin,"duty, responsibility",,,6
命じる,meijiru,"to order, to command",,,1
塗る,nuru,to paint,,,1
貯まる,tamaru,to be saved up,,,5
別れる,wakareru,"to part, to separate",,,1
過ごす,sugosu,to pass,,,1
貯金,chokin,savings,,,5
払う,harau,to pay,,,1
支払う,shiharau,to pay,,,1
貴重,kichou,"precious, valuable",,,2
貼る,haru,to stick,,,5
貿易,boueki,trade,,,6
資料,shiryou,"materials, data, document",,,5
資本,shihon,"funds, capital",,,5
賑やか,nigiyaka,"bustling, busy",,,5
弾く,hiku,to play instrument,,,1
賛成,sansei,"approval, agreement",,,5
磨く,migaku,"to polish, to shine",,,1
賞,shou,"prize, award",,,2
賢い,kashikoi,"wise, clever, smart",,,2
購入,kounyuu,"purchase, buy",,,3
提出,teishutsu,"to present, to submit",,,1
贅沢,zeitaku,"luxury, extravagance",,,3
贈る,okuru,to give,,,2
越える,koeru,to cross over,,,7
趣味,shumi,"hobby, pastime",,,3
足す,tasu,"to add, to top up",,,2
足りる,tariru,"to be sufficient, to be enough",,,2
置く,oku,"to put, to place",,,1
起こす,okosu,"to raise, to wake, to cause",,,1
届く,todoku,"to reach, to be delivered",,,1
足元,ashimoto,"at one’s feet, under foot",,,6
受ける,ukeru,to receive,,,1
勧める,susumeru,to recommend,,,1
やり直す,yarinaosu,"to redo, to do over again",,,1
跡,ato,"trace, tracks, mark",,,3
放す,hanasu,"to release, to let go",,,1
踊る,odoru,to dance,,,2
残る,nokoru,"to remain, to be left",,,1
身につける,minitsukeru,to learn; to acquire knowledge,,,3
身近,midjika,"near oneself, close to one, familiar",,,6
替える,kaeru,"to replace, to exchange",,,1
軒,noki,narrow aisle surrounding a temple,,,4
軽い,karui,light,,,2
輪,wa,"ring, circle, loop",,,4
応じる,oujiru,"to respond, to comply",,,1
立て直す,tatenaosu,"to restore, to revive",,,1
輸出,yushutsu,export,,,6
限る,kagiru,"to restrict, to limit",,,1
轢く,hiku,to knock someone down,,,2
返す,kaesu,to return something,,,1
戻る,modoru,"to return, to go back",,,1
辛い,tsurai,"painful, bitter",,,4
貯める,tameru,to save up,,,1
辞める,yameru,"to retire, to resign",,,2
辺り,atari,"neighborhood, nearby",,,5
申し上げる,moushiageru,"to say, to tell",,,1
込む,komu,"crowded, full of people",,,6
迎える,mukaeru,to go out to meet,,,6
近所,kinjo,neighbourhood,,,5
売れる,ureru,to sell well,,,1
送る,okuru,"to send, to dispatch",,,1
離す,hanasu,"to separate, to part",,,1
返却,henkyaku,"return of something, repayment",,,7
輝く,kagayaku,"to shine, to glitter",,,1
述べる,noberu,"to state, to express",,,3
撃つ,utsu,"to shoot, to attack",,,1
叫ぶ,sakebu,"to shout, to cry",,,1
迷う,mayou,to lose one’s way,,,5
迷子,maigo,"lost child, lost person",,,5
迷惑,meiwaku,"trouble, bother, annoyance",,,3
追い付く,oitsuku,to catch up with,,,2
追う,ou,"to chase, to run after",,,3
立上る,tachiagaru,to stand up,,,1
見つめる,mitsumeru,to stare at,,,1
退院,taiin,discharge from hospital,,,5
逆,gyaku,"reverse, opposite",,,6
逆らう,sakarau,"to go against, to oppose",,,7
通う,kayou,to go back and forth between,,,6
通じる,tsuujiru,"to lead to, to be understood",,,6
通勤,tsuukin,commuting to work,,,7
流れる,nagareru,"to stream, to flow",,,1
差す,sasu,to stretch out hands,,,1
通学,tsuugaku,commuting to school,,,5
打つかる,butsukaru,"to strike against, to collide with",,,1
通訳,tsuuyaku,interpretation,,,6
通過,tsuuka,passage through,,,5
学ぶ,manabu,"to study, to learn",,,1
連れ,tsure,"companion, company",,,6
連続,renzoku,"serial, consecutive",,,2
似合う,niau,"to suit, to match",,,1
逮捕,taiho,"arrest, apprehension",,,6
遂に,tsuini,"finally, at last",,,2
遅い,osoi,"slow, time-consuming, late",,,5
遊園地,yuuenchi,amusement park,,,6
過去,kako,"the past, bygone days",,,2
掛かる,kakaru,"to take (a resource, time, or money)",このしごとは時間がかかる,This work takes time,1
道徳,doutoku,morals,,,5
脱ぐ,nugu,to take off clothes,,,1
取上げる,toriageru,"to take up, to pick up",,,1
達する,tassuru,"to reach, to get to",,,2
語り合う,katariau,to talk together,,,1
遠足,ensoku,"excursion, outing, trip",,,6
適用,tekiyou,"applying, adoption",,,6
選手,senshu,"player, team member",,,7
捨てる,suteru,to throw away,,,1
選択,sentaku,"selection, choice",,,6
避ける,sakeru,"to avoid, to ward off",,,4
邪魔,jama,"hindrance, obstacle",,,3
郊外,kougai,suburb,,,5
郵送,yuusou,mailing; posting,,,2
乗り換える,norikaeru,to transfer,,,1
都,miyako,"capital, metropolis",,,2
都合,tsugou,"circumstances, convenience",,,2
向ける,mukeru,"to turn toward, to point",,,1
曲がる,magaru,"to turn, to bend",,,1
回る,mawaru,"to turn, to revolve",,,1
回す,mawasu,"to turn, to rotate",,,1
引き受ける,hikiukeru,"to undertake, to accept",,,1
配る,kubaru,to distribute,,,6
配達,haitatsu,"delivery, distribution",,,2
酔う,you,to get drunk,,,3
重ねる,kasaneru,"to pile up, to heap up",,,3
野球,yakyuu,baseball,,,5
金融,kinyuu,finance; financing; credit transacting; loaning of money; circulation of money,,,6
金銭,kinsen,"money, cash",,,5
金額,kingaku,amount of money,,,2
洗う,arau,to wash,,,1
振る,furu,"to wave, to shake",,,1
針,hari,"needle, pin",,,3
釣,tsuri,"fishing, angling",,,4
釣る,tsuru,"to fish, to lure in",,,2
包む,tsutsumu,"to wrap up, to tuck in",,,1
書き直す,kakinaosu,"to write out, to rewrite",,,1
鉄道,tetsudou,"railroad, railway",,,2
銃,juu,"gun, rifle",,,3
銅貨,douka,copper coin,,,3
今夜,konya,tonight,,,1
道具,dougu,tool,,,1
鋏,hasami,scissors,,,4
鋭い,surudoi,"sharp, pointed",,,4
鎖,kusari,chain,,,3
観光客,kankoukyaku,tourist,,,1
鏡,kagami,mirror,,,5
閉じる,tojiru,to close,,,3
開く,hiraku,to 张开,,,3
間隔,kankaku,"space, interval",,,3
商売,shoubai,"trade, business",,,1
商人,shounin,"trader, merchant",,,1
関わる,kakawaru,"to be concerned with, to have to do with",,,2
交通,koutsuu,"traffic, transportation",,,1
悲劇,higeki,tragedy,,,1
翻訳,honyaku,translation,,,1
旅,tabi,"travel, trip, journey",,,1
交通費,koutsuuhi,traveling expenses,,,1
防ぐ,fusegu,"to defend, to protect",,,2
降ろす,orosu,"to take down, to unload",,,2
除く,nozoku,"to exclude, to except",,,2
隅,sumi,"corner, nook, recess",,,4
面倒,mendou,"trouble, care",,,1
際,kiwa,"edge, brink, verge",,,4
苦労,kurou,"troubles, hardships",,,1
順番,junban,"turn, order of things",,,1
倍,bai,"twice, double, times",,,1
双子,futago,twins,,,1
以下,ika,"under, below",,,1
障害,shougai,"obstacle, impediment",,,7
失業,shitsugyou,unemployment,,,1
予想外,yosougai,unexpected,,,1
隣,tonari,next door to (as a noun),,,6
集合,shuugou,"gathering, assembly, meeting",,,2
制服,seifuku,uniform,,,1
雇う,yatou,"to employ, to hire",,,3
雰囲気,funiki,atmosphere,,,6
嫌,iya,"unpleasant, disgusting",,,1
不味い,mazui,"unpleasant, disgusting",,,1
とんでも無い,tondemonai,unthinkable,,,1
上下,jouge,"up and down, top and bottom",,,1
電灯,dentou,electric light,,,7
使用,shiyou,"use, application",,,1
震える,furueru,"to shiver, to shake",,,3
霜,shimo,frost,,,7
普段,fudan,"usual, habitual",,,1
霧,kiri,"fog, mist",,,6
頂上,choujou,"top, summit, peak",,,7
順調,junchou,"favorable, doing well",,,2
預ける,azukeru,to give into custody,,,3
価値,kachi,"value, worth",,,1
様々,samazama,"varied, various",,,1
種類,shurui,"variety, kind, type",,,1
花瓶,kabin,vase,,,1
自動販売機,jidouhanbaiki,vending machine,,,1
領収書,ryoushuusho,hand-written receipt,,,3
頬,hoo,cheek,,,7
中々,nakanaka,very,,,1
頻りに,shikiri ni,"frequently, repeatedly",,,4
非常に,hijouni,"very, extremely",,,1
随分,zuibun,"very, extremely",,,1
違反,ihan,"violence, offense",,,1
激しい,hageshii,"violent, furious",,,1
頼む,tanomu,to ask,,,6
投票,touhyou,"voting, poll",,,1
頼る,tayoru,to rely on,,,3
額,hitai,"forehead, brow",,,4
風景,fuukei,"scenery, landscape",,,6
財布,saifu,"wallet, purse",,,1
温暖,ondan,"warm, mild",,,1
警告,keikoku,"warning, advice",,,1
食う,kuu,to eat,,,2
時計,tokei,"watch, clock",,,1
波,nami,wave,,,1
我々,wareware,we,,,1
弱い,yowai,weak,,,1
欠点,ketten,"weak point, weakness",,,1
天候,tenkou,weather,,,1
陽気,youki,"weather, cheerful",,,1
週間,shuukan,week,,,1
平日,heijitsu,"weekday, ordinary days",,,1
週末,shuumatsu,weekend,,,1
週刊,shuukan,weekly publication,,,1
食欲,shokuyoku,appetite,,,6
食糧,shokuryou,"provisions, food supply",,,5
飯,meshi,"cooked rice, meal",,,3
飼う,kau,to keep,,,2
一生,isshou,"whole life, a lifetime",,,1
全体,zentai,"whole, entirety",,,1
飽きる,akiru,to get tired of,,,2
飾り,kazari,decoration,,,6
夫人,fujin,"wife, madam",,,1
意志,ishi,"will, volition",,,1
窓,mado,window,,,1
飾る,kazaru,to decorate,,,7
餌,esa,"feed, bait",,,2
以内,inai,"within, inside of",,,1
女子,joshi,"woman, girl",,,1
婦人,fujin,"woman, lady, adult female",,,1
不思議,fushigi,"wonder, miracle, strange",,,1
首,kubi,neck,,,3
作業,sagyou,"work, operation",,,1
作品,sakuhin,"work, production",,,1
首都,shuto,capital city,,,5
香り,kaori,fragrance,,,3
騒ぎ,sawagi,"uproar, disturbance",,,3
騒ぐ,sawagu,"to make noise, to rustle",,,3
騒音,souon,noise,,,2
骨折,kossetsu,bone fracture,,,5
男子,danshi,"youth, young man",,,1
高速,kousoku,high speed,,,5
あくびをする,akubi o suru,to yawn,,,1
グラグラ,guragura,shaky,,,1
鳴る,naru,"to sound, to ring",,,3
バラバラ,barabara,scattered,,,1
ブラブラ,burabura,"swinging, loitering",,,1
黙る,damaru,to be silent,,,2
カラカラ,karakara,dry,,,1
フラフラ,furafura,shaky,,,1
ガラガラ,garagara,empty,,,6
ペラペラ,perapera,fluently,,,7
サラサラ,sarasara,"rustling, murmuring",,,6
ムカムカ,mukamuka,nauseous,,,1
ニコニコ,nikoniko,smiling,,,1
ごくごく,gokugoku,slurping,,,1
ベトベト,betobeto,sticky,,,6
ワクワク,wakuwaku,excited,,,1
ブカブカ,bukabuka,baggy clothes,,,6
ブツブツ,butsubutsu,grumbling,,,1
益々,masumasu,more and more,,,1
どんどん,dondon,continuously,,,1
段々,dandan,gradually,,,1
ヒソヒソ,hisohiso,secretly,,,1
ギリギリ,girigiri,just in time,,,7
パラパラ,parapara,sprinkling,,,1
ボロボロ,boroboro,worn out,,,2
ザアザア,zaazaa,raining,,,7
イキイキ,ikiiki,lively,,,1
ノロノロ,noronoro,slowly,,,6
イライラ,iraira,frustrated,,,2
ジロジロ,jirojiro,staring,,,1
ごちゃごちゃ,gochagocha,chaotic,,,3
びしょびしょ,bishobisho,wet,,,7
たっぷり,tappuri,"fully, a lot",,,1
ピッタリ,pittari,tightly,,,1
うっかり,ukkari,carelessly,,,1
ウロウロ,urouro,walking around,,,2
はっきり,hakkiri,clearly,,,2
すっかり,sukkari,completely,,,2
しっかり,shikkari,firmly,,,2
のんびり,nonbiri,relaxed,,,1
スッキリ,sukkiri,refreshed,,,2
じっくり,jikkuri,carefully,,,1
うんざり,unzari,fed up,,,3
そっくり,sokkuri,looks exactly like,,,3
そっと,sotto,quietly,,,1
ざっと,zatto,briefly,,,1
さっぱり,sappari,refreshing,,,2
さっと,satto,suddenly,,,1
がっかり,gakkari,disappointed,,,6
ホット,hotto,relieved,,,7
ちゃんと,chanto,neatly,,,5
許っと,kyotto,shocked,,,1
さっさと,sassato,immediately,,,2
はっと,hatto,"startled, suddenly aware",,,3
せっせと,sesseto,diligently,,,2
わざわざ,wazawaza,to go out of the way to do something,,,1
コロコロ,korokoro,rolling,,,3